<?xml version="1.0" encoding="UTF-8"?>
<project-private xmlns="http://www.netbeans.org/ns/project-private/1">
    <editor-bookmarks xmlns="http://www.netbeans.org/ns/editor-bookmarks/2" lastBookmarkId="0"/>
    <open-files xmlns="http://www.netbeans.org/ns/projectui-open-files/2">
        <group>
            <file>file:/home/lucas/Documentos/ifes-2ano/SIIFES-II/POO/trabalhoPOO/trabalho1POO/src/arena/FilaDeGuerreiros.java</file>
            <file>file:/home/lucas/Documentos/ifes-2ano/SIIFES-II/POO/trabalhoPOO/trabalho1POO/src/arena/UltimoGuerreiroMortoException.java</file>
            <file>file:/home/lucas/Documentos/ifes-2ano/SIIFES-II/POO/trabalhoPOO/trabalho1POO/src/arena/Arena.java</file>
            <file>file:/home/lucas/Documentos/ifes-2ano/SIIFES-II/POO/trabalhoPOO/trabalho1POO/src/arena/LeitorDeGuerreiros.java</file>
            <file>file:/home/lucas/Documentos/ifes-2ano/SIIFES-II/POO/trabalhoPOO/trabalho1POO/src/arena/Jogatina.java</file>
            <file>file:/home/lucas/Documentos/ifes-2ano/SIIFES-II/POO/trabalhoPOO/trabalho1POO/src/arena/Guerreiro.java</file>
        </group>
    </open-files>
</project-private>
